Player,MP,PTS,TRB,AST,STL,BLK,FG%,3P%
Shai Gilgeous-Alexander,34.2,32.7,5.0,6.4,1.7,1.0,0.519,0.375
Giannis Antetokounmpo,34.2,30.4,11.9,6.5,0.9,1.2,0.601,0.222
Nikola JokiÄ,36.7,29.6,12.7,10.2,1.8,0.6,0.576,0.417
Luka DonÄiÄ,35.4,28.2,8.2,7.7,1.8,0.4,0.45,0.368
Luka DonÄiÄ,35.7,28.1,8.3,7.8,2.0,0.4,0.464,0.354
Luka DonÄiÄ,35.1,28.2,8.1,7.5,1.6,0.4,0.438,0.379
Anthony Edwards,36.3,27.6,5.7,4.5,1.2,0.6,0.447,0.395
Jayson Tatum,36.4,26.8,8.7,6.0,1.1,0.5,0.452,0.343
Kevin Durant,36.5,26.6,6.0,4.2,0.8,1.2,0.527,0.43
Tyrese Maxey,37.7,26.3,3.3,6.1,1.8,0.4,0.437,0.337
Cade Cunningham,35.0,26.1,6.1,9.1,1.0,0.8,0.469,0.356
Jalen Brunson,35.4,26.0,2.9,7.3,0.9,0.1,0.488,0.383
Paolo Banchero,34.4,25.9,7.5,4.8,0.8,0.6,0.452,0.32
Devin Booker,37.3,25.6,4.1,7.1,0.9,0.2,0.461,0.332
LaMelo Ball,32.0,25.2,4.9,7.4,1.1,0.3,0.405,0.339
Damian Lillard,36.1,24.9,4.7,7.1,1.2,0.2,0.448,0.376
Anthony Davis,33.5,24.7,11.6,3.5,1.2,2.2,0.516,0.282
Anthony Davis,34.3,25.7,11.9,3.4,1.3,2.1,0.528,0.298
Anthony Davis,29.6,20.0,10.1,4.4,0.6,2.2,0.461,0.233
Kyrie Irving,36.1,24.7,4.8,4.6,1.3,0.5,0.473,0.401
Zion Williamson,28.6,24.6,7.2,5.3,1.2,0.9,0.567,0.231
Stephen Curry,32.2,24.5,4.4,6.0,1.1,0.4,0.448,0.397
LeBron James,34.9,24.4,7.8,8.2,1.0,0.6,0.513,0.376
Karl-Anthony Towns,35.0,24.4,12.8,3.1,1.0,0.7,0.526,0.42
Victor Wembanyama,33.2,24.3,11.0,3.7,1.1,3.8,0.476,0.352
Franz Wagner,33.7,24.2,5.7,4.7,1.3,0.4,0.463,0.295
Trae Young,36.0,24.2,3.1,11.6,1.2,0.2,0.411,0.34
Donovan Mitchell,31.4,24.0,4.5,5.0,1.3,0.2,0.443,0.368
Cam Thomas,31.2,24.0,3.3,3.8,0.6,0.1,0.438,0.349
Tyler Herro,35.4,23.9,5.2,5.5,0.9,0.2,0.472,0.375
Joel Embiid,30.2,23.8,8.2,4.5,0.7,0.9,0.444,0.299
De'Aaron Fox,36.1,23.5,4.8,6.3,1.5,0.4,0.463,0.31
De'Aaron Fox,37.0,25.0,5.0,6.1,1.5,0.4,0.469,0.322
De'Aaron Fox,34.0,19.7,4.3,6.8,1.5,0.3,0.446,0.274
Zach LaVine,35.2,23.3,4.3,4.2,0.8,0.2,0.511,0.446
Zach LaVine,34.1,24.0,4.8,4.5,0.9,0.2,0.511,0.446
Zach LaVine,36.6,22.4,3.5,3.8,0.6,0.1,0.511,0.446
Ja Morant,30.4,23.2,4.1,7.3,1.2,0.2,0.454,0.309
James Harden,35.3,22.8,5.8,8.7,1.5,0.7,0.41,0.352
Jaylen Brown,34.3,22.2,5.8,4.5,1.2,0.3,0.463,0.324
DeMar DeRozan,35.9,22.2,3.9,4.4,0.8,0.4,0.477,0.328
Brandon Ingram,33.1,22.2,5.6,5.2,0.9,0.6,0.465,0.374
Jaren Jackson Jr.,29.8,22.2,5.6,2.0,1.2,1.5,0.488,0.375
Norman Powell,32.6,21.8,3.2,2.1,1.2,0.2,0.484,0.418
Jalen Williams,32.4,21.6,5.3,5.1,1.6,0.7,0.484,0.365
Kawhi Leonard,31.9,21.5,5.9,3.1,1.6,0.5,0.498,0.411
Jamal Murray,36.1,21.4,3.9,6.0,1.4,0.5,0.474,0.393
Trey Murphy III,35.0,21.2,5.1,3.5,1.1,0.7,0.454,0.361
RJ Barrett,32.2,21.1,6.3,5.4,0.8,0.3,0.468,0.35
CJ McCollum,32.7,21.1,3.8,4.1,0.8,0.4,0.444,0.373
Jalen Green,32.9,21.0,4.6,3.4,0.9,0.3,0.423,0.354
Brandon Miller,34.2,21.0,4.9,3.6,1.1,0.7,0.403,0.355
Darius Garland,30.7,20.6,2.9,6.7,1.2,0.1,0.472,0.401
Jordan Poole,29.4,20.5,3.0,4.5,1.3,0.4,0.432,0.378
Coby White,33.1,20.4,3.7,4.5,0.9,0.2,0.453,0.37
Miles Bridges,31.7,20.3,7.5,3.9,0.7,0.7,0.431,0.313
Austin Reaves,34.9,20.2,4.5,5.8,1.1,0.3,0.46,0.377
Pascal Siakam,32.7,20.2,6.9,3.4,0.9,0.5,0.519,0.389
Kristaps PorziÅÄ£is,28.8,19.5,6.8,2.1,0.7,1.5,0.483,0.412
Scottie Barnes,32.8,19.3,7.7,5.8,1.4,1.0,0.446,0.271
Anfernee Simons,32.7,19.3,2.7,4.8,0.9,0.1,0.426,0.363
Desmond Bane,32.0,19.2,6.1,5.3,1.2,0.4,0.484,0.392
Domantas Sabonis,34.7,19.1,13.9,6.0,0.7,0.4,0.59,0.417
Alperen ÅengÃ¼n,31.5,19.1,10.3,4.9,1.1,0.8,0.496,0.233
John Collins,30.5,19.0,8.2,2.0,1.0,1.0,0.527,0.399
Lauri Markkanen,31.4,19.0,5.9,1.5,0.7,0.4,0.423,0.346
Jalen Johnson,35.7,18.9,10.0,5.0,1.6,1.0,0.5,0.312
Cameron Johnson,31.6,18.8,4.3,3.4,0.9,0.4,0.475,0.39
Julius Randle,32.3,18.7,7.1,4.7,0.7,0.2,0.485,0.344
Tyrese Haliburton,33.6,18.6,3.5,9.2,1.4,0.7,0.473,0.388
Evan Mobley,30.5,18.5,9.3,3.2,0.9,1.6,0.557,0.37
Shaedon Sharpe,31.3,18.5,4.5,2.8,0.9,0.2,0.452,0.311
Nikola VuÄeviÄ,31.2,18.5,10.1,3.5,0.8,0.7,0.53,0.402
Collin Sexton,27.9,18.4,2.7,4.2,0.7,0.1,0.48,0.406
Michael Porter Jr.,33.7,18.2,7.0,2.1,0.6,0.5,0.504,0.395
Bam Adebayo,34.3,18.1,9.6,4.3,1.3,0.7,0.485,0.357
Andrew Wiggins,30.7,18.0,4.5,2.6,1.0,0.8,0.448,0.374
Andrew Wiggins,30.1,17.6,4.6,2.4,0.9,0.8,0.444,0.379
Andrew Wiggins,32.1,19.0,4.2,3.3,1.2,1.0,0.458,0.36
OG Anunoby,36.6,18.0,4.8,2.2,1.5,0.9,0.476,0.372
Mikal Bridges,37.0,17.6,3.2,3.7,0.9,0.5,0.5,0.354
Jaden Ivey,29.9,17.6,4.1,4.0,0.9,0.4,0.46,0.409
Jimmy Butler,31.7,17.5,5.4,5.4,1.4,0.3,0.504,0.308
Jimmy Butler,30.6,17.0,5.2,4.8,1.1,0.4,0.54,0.361
Jimmy Butler,32.7,17.9,5.5,5.9,1.7,0.3,0.476,0.279
Dejounte Murray,32.6,17.5,6.5,7.4,2.0,0.4,0.393,0.299
Malik Monk,31.6,17.2,3.8,5.6,0.9,0.6,0.439,0.325
Immanuel Quickley,27.8,17.1,3.5,5.8,0.7,0.1,0.42,0.378
De'Andre Hunter,27.2,17.0,4.0,1.4,0.8,0.2,0.47,0.405
De'Andre Hunter,28.8,19.0,3.9,1.5,0.8,0.1,0.461,0.393
De'Andre Hunter,25.0,14.3,4.2,1.3,0.7,0.3,0.485,0.426
Bradley Beal,32.1,17.0,3.3,3.7,1.1,0.5,0.497,0.386
Deni Avdija,30.0,16.9,7.3,3.9,1.0,0.5,0.476,0.365
Keyonte George,31.5,16.8,3.8,5.6,0.7,0.1,0.391,0.343
Ivica Zubac,32.8,16.8,12.6,2.7,0.7,1.1,0.628,
Derrick White,33.9,16.4,4.5,4.8,0.9,1.1,0.442,0.384
Malik Beasley,27.8,16.3,2.6,1.7,0.9,0.1,0.43,0.416
Devin Vassell,31.0,16.3,4.0,2.9,1.3,0.5,0.443,0.368
Jordan Clarkson,26.0,16.2,3.2,3.7,0.8,0.2,0.408,0.362
Paul George,32.5,16.2,5.3,4.3,1.8,0.5,0.43,0.358
Jalen Suggs,28.6,16.2,4.0,3.7,1.5,0.9,0.41,0.314
Bennedict Mathurin,29.8,16.1,5.3,1.9,0.7,0.3,0.458,0.34
Myles Turner,30.2,15.6,6.5,1.5,0.8,2.0,0.481,0.396
Christian Braun,33.9,15.4,5.2,2.6,1.1,0.5,0.58,0.397
Jonathan Kuminga,24.3,15.3,4.6,2.2,0.8,0.4,0.454,0.305
Jared McCain,25.7,15.3,2.4,2.6,0.7,0.0,0.46,0.383
Mark Williams,26.6,15.3,10.2,2.5,0.7,1.2,0.604,0.0
Kelly Oubre Jr.,34.6,15.1,6.1,1.8,1.5,0.5,0.47,0.293
Chet Holmgren,27.4,15.0,8.0,2.0,0.7,2.2,0.49,0.379
Kyle Kuzma,29.8,14.8,5.7,2.3,0.6,0.3,0.436,0.307
Kyle Kuzma,27.7,15.2,5.8,2.5,0.6,0.2,0.42,0.281
Kyle Kuzma,31.8,14.5,5.6,2.2,0.5,0.4,0.455,0.333
Stephon Castle,26.7,14.7,3.7,4.1,0.9,0.3,0.428,0.285
Aaron Gordon,28.4,14.7,4.8,3.2,0.5,0.3,0.531,0.436
P.J. Washington,32.2,14.7,7.8,2.3,1.1,1.1,0.453,0.381
Quentin Grimes,26.8,14.6,4.3,3.0,1.0,0.3,0.467,0.385
Quentin Grimes,22.8,10.2,3.8,2.1,0.7,0.2,0.463,0.398
Quentin Grimes,33.7,21.9,5.2,4.5,1.5,0.4,0.469,0.373
Josh Giddey,30.2,14.6,8.1,7.2,1.2,0.6,0.465,0.378
Jakob Poeltl,29.6,14.5,9.6,2.8,1.2,1.2,0.627,0.333
Deandre Ayton,30.2,14.4,10.2,1.6,0.8,1.0,0.566,0.188
Gradey Dick,29.4,14.4,3.6,1.8,0.9,0.2,0.41,0.35
Jerami Grant,32.4,14.4,3.5,2.1,0.9,1.0,0.373,0.365
Payton Pritchard,28.4,14.3,3.8,3.5,0.9,0.2,0.472,0.407
Naz Reid,27.5,14.2,6.0,2.3,0.7,0.9,0.462,0.379
Dyson Daniels,33.8,14.1,5.9,4.4,3.0,0.7,0.493,0.34
Tre Mann,24.5,14.1,2.9,3.0,0.5,0.3,0.435,0.4
Amen Thompson,32.2,14.1,8.2,3.8,1.4,1.3,0.557,0.275
Fred VanVleet,35.2,14.1,3.7,5.6,1.6,0.4,0.378,0.345
Dillon Brooks,31.8,14.0,3.7,1.7,0.8,0.2,0.429,0.397
Tolu Smith,22.0,14.0,8.0,0.0,0.0,0.0,0.667,
Klay Thompson,27.3,14.0,3.4,2.0,0.7,0.4,0.412,0.391
Bobby Portis,25.4,13.9,8.4,2.1,0.7,0.5,0.466,0.365
Tobias Harris,31.6,13.7,5.9,2.2,1.0,0.8,0.477,0.345
Josh Hart,37.6,13.6,9.6,5.9,1.5,0.4,0.525,0.333
Jarrett Allen,28.0,13.5,9.7,1.9,0.9,0.9,0.706,0.0
Onyeka Okongwu,27.9,13.4,8.9,2.3,0.9,0.9,0.567,0.324
Russell Westbrook,27.9,13.3,4.9,6.1,1.4,0.5,0.449,0.323
Naji Marshall,27.8,13.2,4.8,3.0,1.0,0.2,0.508,0.275
Dennis SchrÃ¶der,28.1,13.1,2.6,5.4,0.9,0.2,0.406,0.342
Dennis SchrÃ¶der,33.6,18.4,3.0,6.6,1.1,0.2,0.452,0.387
Dennis SchrÃ¶der,26.2,10.6,2.3,4.4,1.0,0.1,0.375,0.322
Dennis SchrÃ¶der,25.2,10.8,2.6,5.3,0.5,0.2,0.378,0.302
Rui Hachimura,31.7,13.1,5.0,1.4,0.8,0.4,0.509,0.413
Brook Lopez,31.8,13.0,5.0,1.8,0.6,1.9,0.509,0.373
Alex Sarr,27.1,13.0,6.5,2.4,0.7,1.5,0.394,0.308
Moritz Wagner,18.8,12.9,4.9,1.4,0.8,0.4,0.562,0.36
Malcolm Brogdon,23.5,12.7,3.8,4.1,0.5,0.2,0.433,0.286
Scoot Henderson,26.7,12.7,3.0,5.1,1.0,0.2,0.419,0.354
Keldon Johnson,23.9,12.7,4.8,1.6,0.6,0.3,0.482,0.318
D'Angelo Russell,25.5,12.6,2.8,5.1,1.0,0.4,0.39,0.314
D'Angelo Russell,26.3,12.4,2.8,4.7,0.8,0.1,0.415,0.333
D'Angelo Russell,24.7,12.9,2.8,5.6,1.1,0.7,0.367,0.297
Zaccharie Risacher,24.6,12.6,3.6,1.2,0.7,0.5,0.458,0.355
Santi Aldama,25.5,12.5,6.4,2.9,0.8,0.4,0.483,0.368
Ty Jerome,19.9,12.5,2.5,3.4,1.1,0.0,0.516,0.439
Keegan Murray,34.3,12.4,6.7,1.4,0.8,0.9,0.444,0.343
Lonnie Walker IV,23.9,12.4,3.2,2.5,0.5,0.3,0.42,0.354
Harrison Barnes,27.2,12.3,3.8,1.7,0.5,0.2,0.508,0.433
Bilal Coulibaly,33.0,12.3,5.0,3.4,1.3,0.7,0.421,0.281
Ayo Dosunmu,30.3,12.3,3.5,4.5,0.9,0.4,0.492,0.328
Daniel Gafford,21.5,12.3,6.8,1.4,0.4,1.8,0.702,
Jaden McDaniels,31.9,12.2,5.7,2.0,1.3,0.9,0.477,0.33
Jabari Smith Jr.,30.1,12.2,7.0,1.1,0.4,0.7,0.438,0.354
Caris LeVert,24.9,12.1,3.2,3.4,0.9,0.5,0.467,0.373
Caris LeVert,23.8,10.2,2.8,3.7,0.9,0.5,0.453,0.405
Caris LeVert,26.6,14.9,3.7,2.9,0.9,0.5,0.482,0.338
Drew Timme,28.2,12.1,7.2,2.2,0.4,0.1,0.441,0.257
Tari Eason,24.9,12.0,6.4,1.5,1.7,0.9,0.487,0.342
Rudy Gobert,33.2,12.0,10.9,1.8,0.8,1.4,0.669,
Aaron Nesmith,25.0,12.0,4.0,1.2,0.8,0.4,0.507,0.431
Aaron Wiggins,22.9,12.0,3.9,1.8,0.8,0.2,0.488,0.383
Khris Middleton,22.8,11.9,3.7,4.1,0.9,0.2,0.475,0.361
Khris Middleton,23.2,12.6,3.7,4.4,0.7,0.2,0.512,0.407
Khris Middleton,22.1,10.7,3.7,3.4,1.3,0.2,0.413,0.277
Jalen Duren,26.1,11.8,10.3,2.7,0.7,1.1,0.692,
Donte DiVincenzo,25.9,11.7,3.7,3.6,1.2,0.3,0.422,0.397
Brandin Podziemski,26.8,11.7,5.1,3.4,1.1,0.2,0.445,0.372
Corey Kispert,26.3,11.6,3.0,1.7,0.4,0.2,0.451,0.364
Jeremy Sochan,25.3,11.4,6.5,2.4,0.8,0.5,0.535,0.308
Toumani Camara,32.7,11.3,5.8,2.2,1.5,0.6,0.458,0.375
Isaiah Hartenstein,27.9,11.2,10.7,3.8,0.8,1.1,0.581,0.0
Buddy Hield,22.7,11.1,3.2,1.6,0.8,0.3,0.417,0.37
Jrue Holiday,30.6,11.1,4.3,3.9,1.1,0.4,0.443,0.353
Walker Kessler,30.0,11.1,12.2,1.7,0.6,2.4,0.663,0.176
Gary Trent Jr.,25.6,11.1,2.3,1.2,1.0,0.1,0.431,0.416
Spencer Dinwiddie,27.0,11.0,2.6,4.4,0.9,0.2,0.416,0.334
Tim Hardaway Jr.,28.0,11.0,2.4,1.6,0.5,0.1,0.406,0.368
Duncan Robinson,24.1,11.0,2.3,2.4,0.5,0.1,0.437,0.393
Guerschon Yabusele,27.1,11.0,5.6,2.1,0.8,0.3,0.501,0.38
Brice Sensabaugh,20.2,10.9,3.0,1.5,0.6,0.1,0.459,0.422
Bogdan BogdanoviÄ,25.0,10.8,2.9,2.7,0.8,0.2,0.427,0.363
Bogdan BogdanoviÄ,24.9,10.0,2.8,2.0,0.8,0.3,0.371,0.301
Bogdan BogdanoviÄ,25.0,11.4,3.1,3.2,0.7,0.2,0.474,0.427
Jordan Hawkins,23.6,10.8,2.8,1.2,0.5,0.4,0.372,0.331
Brandon Boston Jr.,23.6,10.7,3.2,2.2,1.3,0.2,0.436,0.35
Nikola JoviÄ,25.1,10.7,3.9,2.8,0.8,0.3,0.456,0.371
Grayson Allen,24.1,10.6,3.0,2.1,0.8,0.3,0.448,0.426
Keon Johnson,24.4,10.6,3.8,2.2,1.0,0.4,0.389,0.314
Terry Rozier,25.9,10.6,3.7,2.6,0.6,0.2,0.391,0.295
Obi Toppin,19.6,10.5,4.0,1.6,0.6,0.4,0.529,0.365
Jonas ValanÄiÅ«nas,18.8,10.4,7.7,2.0,0.5,0.6,0.55,0.216
Jonas ValanÄiÅ«nas,20.1,11.5,8.2,2.2,0.4,0.6,0.547,0.259
Jonas ValanÄiÅ«nas,16.9,8.7,7.0,1.8,0.5,0.6,0.556,0.1
Ochai Agbaji,27.2,10.4,3.8,1.5,0.9,0.5,0.498,0.399
Jaylen Wells,25.9,10.4,3.4,1.7,0.6,0.1,0.425,0.352
Grant Williams,29.9,10.4,5.1,2.3,1.1,0.8,0.439,0.365
Kevin Porter Jr.,19.8,10.3,3.7,3.4,1.1,0.2,0.449,0.311
Kevin Porter Jr.,19.6,9.3,3.6,3.2,1.0,0.2,0.423,0.245
Kevin Porter Jr.,19.9,11.7,3.9,3.7,1.3,0.1,0.494,0.408
Jose Alvarado,24.4,10.3,2.4,4.6,1.3,0.3,0.392,0.359
Nic Claxton,26.9,10.3,7.4,2.2,0.9,1.4,0.563,0.238
Herbert Jones,32.4,10.3,3.9,3.3,1.9,0.5,0.436,0.306
De'Anthony Melton,20.2,10.3,3.3,2.8,1.2,0.3,0.407,0.371
Isaiah Joe,21.7,10.2,2.6,1.6,0.6,0.1,0.44,0.412
Tyus Jones,26.8,10.2,2.4,5.3,0.9,0.1,0.448,0.414
Trendon Watford,20.8,10.2,3.6,2.6,0.6,0.3,0.469,0.33
Keion Brooks Jr.,23.7,10.1,4.1,0.9,0.7,0.7,0.486,0.326
Luguentz Dort,29.2,10.1,4.1,1.6,1.1,0.5,0.435,0.412
Justin Edwards,26.3,10.1,3.4,1.6,1.0,0.4,0.455,0.363
Derrick Jones Jr.,24.3,10.1,3.4,0.8,1.0,0.4,0.526,0.356
Ausar Thompson,22.5,10.1,5.1,2.3,1.7,0.7,0.535,0.224
Chris Boucher,17.2,10.0,4.5,0.7,0.5,0.5,0.492,0.363
Andrew Nembhard,28.9,10.0,3.3,5.0,1.2,0.2,0.458,0.291
Ziaire Williams,24.5,10.0,4.6,1.3,1.0,0.4,0.412,0.341
Kevin Huerter,24.3,9.9,3.0,2.3,1.0,0.3,0.425,0.338
Kevin Huerter,20.9,7.9,2.8,1.7,0.8,0.4,0.413,0.302
Kevin Huerter,30.0,13.2,3.3,3.2,1.2,0.3,0.439,0.376
Georges Niang,21.5,9.9,3.4,1.4,0.4,0.2,0.461,0.406
Georges Niang,20.6,8.7,3.7,1.3,0.3,0.1,0.477,0.4
Georges Niang,23.0,12.1,3.0,1.6,0.4,0.3,0.441,0.413
Julian Champagnie,23.6,9.9,3.9,1.4,0.7,0.4,0.415,0.371
Scotty Pippen Jr.,21.3,9.9,3.3,4.4,1.3,0.4,0.48,0.397
Nick Smith Jr.,22.8,9.9,2.1,2.4,0.3,0.1,0.391,0.34
Bub Carrington,30.0,9.8,4.2,4.4,0.7,0.3,0.401,0.339
Moses Moody,22.3,9.8,2.6,1.3,0.8,0.4,0.433,0.374
Amir Coffey,24.3,9.7,2.2,1.1,0.6,0.1,0.471,0.409
Max Christie,27.3,9.6,3.3,1.9,0.8,0.4,0.427,0.366
Max Christie,25.1,8.5,2.7,1.4,0.8,0.5,0.444,0.368
Max Christie,30.4,11.2,4.2,2.5,0.9,0.3,0.411,0.364
Kyle Filipowski,21.1,9.6,6.1,1.9,0.7,0.3,0.502,0.35
Tosan Evbuomwan,23.8,9.5,4.3,2.0,0.9,0.4,0.427,0.312
Miles McBride,24.9,9.5,2.5,2.9,1.0,0.3,0.406,0.369
Jalen Wilson,25.7,9.5,3.4,1.8,0.5,0.1,0.397,0.337
Nickeil Alexander-Walker,25.3,9.4,3.2,2.7,0.6,0.4,0.438,0.381
Cole Anthony,18.4,9.4,3.0,2.9,0.7,0.5,0.424,0.353
Anthony Black,24.2,9.4,2.9,3.1,1.1,0.6,0.423,0.318
Max Strus,25.5,9.4,4.3,3.2,0.5,0.2,0.442,0.386
Tristan Vukcevic,14.7,9.4,3.7,1.1,0.3,0.7,0.496,0.373
Cam Whitmore,16.2,9.4,3.0,1.0,0.6,0.3,0.444,0.355
Nick Richards,22.0,9.3,8.2,0.9,0.2,1.0,0.591,0.0
Nick Richards,21.0,8.9,7.5,1.3,0.3,1.2,0.561,0.0
Nick Richards,22.7,9.5,8.6,0.6,0.2,0.8,0.605,0.0
Kel'el Ware,22.2,9.3,7.4,0.9,0.6,1.1,0.554,0.315
Zach Edey,21.5,9.2,8.3,1.0,0.5,1.3,0.58,0.346
Wendell Carter Jr.,25.9,9.1,7.2,2.0,0.8,0.6,0.46,0.234
Noah Clowney,22.7,9.1,3.9,0.9,0.5,0.5,0.358,0.333
Dalton Knecht,19.2,9.1,2.8,0.8,0.3,0.1,0.461,0.376
A.J. Lawson,18.7,9.1,3.3,1.2,0.5,0.2,0.421,0.327
T.J. McConnell,17.9,9.1,2.4,4.4,1.1,0.3,0.519,0.306
Yves Missi,26.8,9.1,8.2,1.4,0.5,1.3,0.547,0.0
Royce O'Neale,24.5,9.1,4.7,2.2,0.9,0.5,0.423,0.406
Jared Butler,17.4,9.0,1.8,3.7,0.7,0.2,0.448,0.355
Jared Butler,11.3,6.9,1.3,2.6,0.4,0.2,0.483,0.366
Jared Butler,24.4,11.5,2.5,4.9,1.1,0.3,0.426,0.352
Marcus Smart,20.0,9.0,2.1,3.2,1.1,0.3,0.393,0.348
Marcus Smart,21.1,8.7,2.3,3.7,1.2,0.3,0.358,0.322
Marcus Smart,18.7,9.3,1.9,2.5,1.1,0.2,0.44,0.392
Draymond Green,29.2,9.0,6.1,5.6,1.5,1.0,0.424,0.325
Killian Hayes,27.0,9.0,3.0,5.2,0.7,0.7,0.419,0.381
Al Horford,27.7,9.0,6.2,2.1,0.6,0.9,0.423,0.363
Julian Strawther,21.3,9.0,2.2,1.3,0.6,0.2,0.432,0.349
Patrick Williams,25.0,9.0,3.8,2.0,0.8,0.5,0.397,0.353
Jusuf NurkiÄ,20.8,8.9,7.8,2.3,0.8,0.7,0.477,0.305
Jusuf NurkiÄ,23.7,8.6,9.2,1.9,0.9,0.6,0.454,0.322
Jusuf NurkiÄ,18.1,9.2,6.5,2.6,0.7,0.7,0.497,0.283
Clint Capela,21.4,8.9,8.5,1.1,0.6,1.0,0.559,0.0
Johnny Juzang,19.8,8.9,2.9,1.1,0.6,0.1,0.429,0.376
Luke Kennard,22.6,8.9,2.8,3.3,0.8,0.1,0.478,0.433
Justin Champagnie,21.6,8.8,5.7,1.0,1.0,0.6,0.511,0.383
Svi Mykhailiuk,20.0,8.8,2.4,2.0,0.5,0.2,0.391,0.345
Chris Paul,28.0,8.8,3.6,7.4,1.3,0.3,0.427,0.377
Kelly Olynyk,20.3,8.7,4.7,2.9,0.8,0.4,0.5,0.418
Kelly Olynyk,16.0,7.1,3.7,2.3,0.7,0.3,0.5,0.442
Kelly Olynyk,25.4,10.7,5.9,3.6,0.9,0.6,0.5,0.389
Dorian Finney-Smith,28.9,8.7,3.9,1.4,0.9,0.4,0.448,0.411
Dorian Finney-Smith,29.0,10.4,4.6,1.6,0.9,0.6,0.459,0.435
Dorian Finney-Smith,28.8,7.9,3.6,1.4,0.9,0.3,0.442,0.398
Oshae Brissett,23.7,8.7,3.7,0.7,0.7,0.5,0.487,0.333
Kentavious Caldwell-Pope,29.6,8.7,2.2,1.8,1.3,0.4,0.439,0.342
Isaiah Collier,25.9,8.7,3.3,6.3,0.9,0.2,0.422,0.249
Dante Exum,18.6,8.7,1.7,2.8,0.6,0.2,0.478,0.434
Kyshawn George,26.5,8.7,4.2,2.5,1.0,0.7,0.372,0.322
Jaden Hardy,15.9,8.7,1.6,1.4,0.5,0.1,0.435,0.386
Dereck Lively II,23.1,8.7,7.5,2.4,0.6,1.6,0.702,
Tyrese Martin,21.9,8.7,3.7,2.0,0.6,0.2,0.406,0.351
Matas Buzelis,18.9,8.6,3.5,1.0,0.4,0.9,0.454,0.361
Jaime Jaquez Jr.,20.7,8.6,4.4,2.5,0.9,0.2,0.461,0.311
Ja'Kobe Walter,21.2,8.6,3.1,1.6,0.8,0.2,0.405,0.349
Sam Hauser,21.7,8.5,3.2,0.9,0.6,0.2,0.451,0.416
Larry Nance Jr.,19.3,8.5,4.3,1.6,0.8,0.5,0.516,0.447
Jared Rhoden,16.2,8.4,3.0,1.1,0.7,0.1,0.483,0.308
Jared Rhoden,3.0,1.0,1.0,0.5,0.3,0.0,0.25,0.0
Jared Rhoden,21.5,11.4,3.8,1.4,0.9,0.2,0.506,0.324
Jaylen Nowell,21.0,8.4,2.5,2.3,0.1,0.5,0.356,0.296
Cason Wallace,27.6,8.4,3.4,2.5,1.8,0.5,0.474,0.356
Bruce Brown,22.5,8.3,4.0,2.0,0.8,0.2,0.421,0.333
Bruce Brown,19.6,8.4,3.8,1.6,0.9,0.2,0.435,0.306
Bruce Brown,24.7,8.2,4.2,2.4,0.7,0.3,0.41,0.356
Dalano Banton,16.7,8.3,2.0,2.4,0.6,0.5,0.391,0.324
Brandon Clarke,18.9,8.3,5.1,1.0,0.8,0.6,0.621,0.059
Keon Ellis,24.4,8.3,2.7,1.5,1.5,0.8,0.489,0.433
Brandon Williams,14.8,8.3,1.8,2.3,0.7,0.2,0.521,0.4
Mike Conley,24.7,8.2,2.6,4.5,1.1,0.2,0.4,0.41
Taurean Prince,27.1,8.2,3.6,1.9,1.0,0.2,0.457,0.439
Jalen Smith,15.0,8.2,5.6,1.0,0.3,0.7,0.466,0.324
Quinten Post,16.3,8.1,3.5,1.3,0.4,0.4,0.449,0.408
Peyton Watson,24.4,8.1,3.4,1.4,0.7,1.4,0.477,0.353
Davion Mitchell,27.4,7.9,2.3,4.9,1.0,0.2,0.468,0.398
Davion Mitchell,24.5,6.3,1.9,4.6,0.7,0.2,0.434,0.359
Davion Mitchell,31.6,10.3,2.7,5.3,1.4,0.3,0.504,0.447
Caleb Martin,27.1,7.9,3.9,2.1,1.0,0.5,0.424,0.359
Caleb Martin,30.4,9.1,4.4,2.2,1.1,0.6,0.435,0.379
Caleb Martin,19.6,5.4,2.9,1.9,0.9,0.2,0.389,0.25
Tyson Etienne,21.6,7.9,1.3,1.7,0.4,0.1,0.327,0.295
Day'Ron Sharpe,18.1,7.9,6.6,1.8,0.8,0.8,0.521,0.244
KJ Simpson,23.4,7.8,3.0,3.1,0.9,0.2,0.346,0.254
Terance Mann,21.1,7.7,3.0,1.8,0.7,0.2,0.496,0.368
Terance Mann,19.8,6.0,2.9,1.6,0.8,0.3,0.446,0.347
Terance Mann,22.7,9.8,3.1,2.1,0.6,0.1,0.541,0.386
Karlo MatkoviÄ,18.8,7.7,5.0,1.1,0.5,1.0,0.574,0.318
AJ Johnson,22.0,7.6,2.0,2.6,0.4,0.1,0.385,0.267
AJ Johnson,6.3,2.9,1.0,1.0,0.1,0.0,0.421,0.6
AJ Johnson,27.0,9.1,2.4,3.1,0.5,0.1,0.381,0.247
Lonzo Ball,22.2,7.6,3.4,3.3,1.3,0.5,0.366,0.344
Oscar Tshiebwe,18.2,7.6,8.7,0.6,0.9,0.1,0.6,
Garrison Mathews,17.7,7.5,1.9,1.3,0.6,0.3,0.397,0.39
Matisse Thybulle,20.8,7.5,3.5,1.9,2.2,0.6,0.477,0.438
A.J. Green,22.7,7.4,2.4,1.5,0.5,0.1,0.429,0.427
Josh Green,27.8,7.4,2.5,1.6,1.1,0.2,0.428,0.391
Richaun Holmes,17.2,7.4,5.7,1.4,0.3,0.7,0.647,0.0
Damion Baugh,24.7,7.3,3.3,3.7,1.0,0.1,0.323,0.214
Alec Burks,17.6,7.3,2.5,1.1,0.6,0.1,0.424,0.425
Ricky Council IV,17.1,7.3,2.9,1.3,0.4,0.2,0.382,0.258
Andre Drummond,18.8,7.3,7.8,0.9,1.0,0.5,0.5,0.15
Tre Jones,19.7,7.2,2.5,4.2,0.8,0.2,0.538,0.396
Tre Jones,16.1,4.4,2.1,3.7,0.6,0.2,0.484,0.308
Tre Jones,25.3,11.5,3.2,4.9,1.1,0.3,0.572,0.5
Goga Bitadze,20.4,7.2,6.6,2.0,0.7,1.4,0.611,0.107
Tristan Da Silva,22.0,7.2,3.3,1.5,0.4,0.2,0.412,0.335
GG Jackson II,15.8,7.2,3.2,1.0,0.4,0.2,0.372,0.337
Vit Krejci,20.2,7.2,2.7,2.6,0.6,0.5,0.497,0.437
Sam Merrill,19.7,7.2,2.2,1.5,0.7,0.2,0.406,0.372
Daeqwon Plowden,12.0,7.2,1.8,0.3,0.0,0.0,0.64,0.529
Nae'Qwan Tomlin,12.6,7.2,4.2,0.4,0.0,0.2,0.406,0.2
Josh Okogie,15.6,7.1,2.8,0.8,1.2,0.5,0.443,0.348
Josh Okogie,14.0,6.0,2.9,0.6,0.8,0.4,0.491,0.381
Josh Okogie,18.3,8.9,2.7,1.3,1.8,0.5,0.388,0.32
Jalen Hood-Schifino,21.0,7.1,1.8,2.5,0.3,0.5,0.378,0.304
Jalen Hood-Schifino,7.0,2.0,0.5,0.5,0.0,0.5,1.0,
Jalen Hood-Schifino,23.2,7.8,2.0,2.8,0.4,0.5,0.371,0.304
Jamison Battle,17.7,7.1,2.7,0.9,0.3,0.2,0.429,0.405
Alex Caruso,19.3,7.1,2.9,2.5,1.6,0.6,0.446,0.353
Jamal Shead,19.6,7.1,1.5,4.2,0.8,0.1,0.405,0.323
Jeff Dowtin Jr.,15.1,7.0,1.5,1.9,0.6,0.3,0.487,0.4
Marcus Garrett,19.8,7.0,1.5,3.3,0.8,0.5,0.407,0.375
Isaiah Jackson,16.8,7.0,5.6,1.0,0.6,1.6,0.609,
Jaylen Sims,18.7,7.0,1.0,2.0,0.5,0.2,0.429,0.4
Orlando Robinson,17.5,6.9,5.0,1.8,0.4,0.4,0.444,0.327
Orlando Robinson,6.3,2.1,1.6,1.0,0.3,0.1,0.412,0.2
Orlando Robinson,20.4,8.1,5.9,1.9,0.4,0.4,0.447,0.34
Jake LaRavia,20.4,6.9,3.9,2.4,0.9,0.3,0.475,0.423
Jake LaRavia,20.9,7.3,4.4,2.8,0.9,0.4,0.49,0.444
Jake LaRavia,19.3,6.1,2.8,1.3,0.9,0.2,0.438,0.385
Ryan Dunn,19.1,6.9,3.6,0.8,0.6,0.5,0.43,0.311
Jay Huff,11.7,6.9,2.0,0.6,0.3,0.9,0.515,0.405
Cameron Payne,15.1,6.9,1.4,2.8,0.5,0.2,0.401,0.363
Antonio Reeves,15.0,6.9,1.4,0.9,0.5,0.1,0.456,0.395
Cody Martin,22.1,6.8,4.2,2.0,1.1,0.6,0.418,0.285
Cody Martin,24.8,7.8,4.5,2.3,1.1,0.7,0.433,0.323
Cody Martin,14.7,3.7,3.4,1.1,0.9,0.4,0.351,0.111
Bol Bol,12.4,6.8,2.9,0.6,0.3,0.7,0.525,0.344
Eric Gordon,19.7,6.8,1.2,1.7,0.7,0.3,0.426,0.409
Jaxson Hayes,19.5,6.8,4.8,1.0,0.6,0.9,0.722,0.0
Marcus Bagley,25.3,6.7,7.0,1.0,0.9,1.2,0.391,0.156
DaQuan Jeffries,22.8,6.7,2.9,1.1,0.6,0.5,0.405,0.335
Lester QuiÃ±ones,14.1,6.6,1.5,1.8,0.2,0.2,0.397,0.295
Lester QuiÃ±ones,4.3,2.3,1.0,0.3,0.0,0.0,0.5,0.0
Lester QuiÃ±ones,18.4,8.6,1.7,2.6,0.3,0.2,0.386,0.317
Vasilije MiciÄ,19.1,6.6,2.2,3.1,0.4,0.0,0.348,0.36
Vasilije MiciÄ,21.2,7.5,2.4,3.5,0.4,0.0,0.348,0.36
Vasilije MiciÄ,4.2,0.0,0.4,0.2,0.0,0.0,,
Precious Achiuwa,20.5,6.6,5.6,1.0,0.8,0.7,0.502,0.278
Trayce Jackson-Davis,15.6,6.6,5.0,1.7,0.4,0.6,0.576,0.0
Marcus Sasser,14.2,6.6,1.2,2.3,0.6,0.1,0.463,0.382
Vince Williams Jr.,18.5,6.6,3.6,2.0,0.4,0.3,0.401,0.274
Thomas Bryant,14.6,6.5,3.8,0.8,0.4,0.6,0.508,0.324
Thomas Bryant,11.5,4.1,3.2,0.4,0.1,0.9,0.429,0.353
Thomas Bryant,15.1,6.9,3.9,0.9,0.5,0.6,0.515,0.321
Donovan Clingan,19.8,6.5,7.9,1.1,0.5,1.6,0.539,0.286
Seth Curry,15.6,6.5,1.7,0.9,0.4,0.1,0.478,0.456
Haywood Highsmith,24.6,6.5,3.4,1.5,0.9,0.5,0.458,0.382
Talen Horton-Tucker,12.5,6.5,1.7,1.4,0.4,0.2,0.457,0.336
Trey Lyles,19.6,6.5,4.6,1.2,0.6,0.3,0.42,0.34
Ajay Mitchell,16.6,6.5,1.9,1.8,0.7,0.1,0.495,0.383
Gary Payton II,15.0,6.5,3.0,1.3,0.8,0.3,0.574,0.326
Zach Collins,15.3,6.4,4.5,1.7,0.5,0.5,0.507,0.302
Zach Collins,11.8,4.6,2.8,1.4,0.4,0.4,0.462,0.304
Zach Collins,19.7,8.6,6.7,2.1,0.5,0.5,0.541,0.3
Kris Dunn,24.1,6.4,3.4,2.8,1.7,0.4,0.439,0.335
Ron Holland,15.6,6.4,2.7,1.0,0.6,0.2,0.474,0.238
KJ Martin,21.2,6.4,2.9,1.1,0.4,0.5,0.552,0.259
KJ Martin,20.0,6.4,3.0,0.8,0.5,0.7,0.616,0.381
KJ Martin,22.7,6.3,2.8,1.5,0.3,0.3,0.49,0.189
Gabe Vincent,21.2,6.4,1.3,1.4,0.7,0.2,0.4,0.353
Sandro Mamukelashvili,11.2,6.3,3.1,0.8,0.4,0.3,0.502,0.373
Jeremiah Robinson-Earl,18.8,6.3,4.8,1.3,0.6,0.1,0.455,0.341
Kenrich Williams,16.4,6.3,3.5,1.4,0.6,0.1,0.483,0.386
Bones Hyland,10.0,6.2,1.0,1.3,0.8,0.2,0.398,0.39
Bones Hyland,11.1,7.2,1.2,1.4,0.9,0.2,0.391,0.388
Bones Hyland,4.3,1.3,0.3,1.0,0.0,0.0,0.667,0.5
Jonathan Mogbo,20.4,6.2,4.9,2.3,0.9,0.5,0.438,0.243
Ryan Rollins,14.6,6.2,1.9,1.9,0.8,0.3,0.487,0.408
Dru Smith,19.1,6.2,2.6,1.6,1.5,0.4,0.508,0.533
Isaac Okoro,19.1,6.1,2.4,1.2,0.6,0.3,0.464,0.371
Jarace Walker,15.8,6.1,3.1,1.5,0.7,0.3,0.472,0.405
N'Faly Dante,12.8,6.0,5.3,0.5,0.3,1.3,0.769,
Mouhamed Gueye,16.2,6.0,4.2,0.8,0.8,1.0,0.421,0.259
Luke Kornet,18.6,6.0,5.3,1.6,0.5,1.0,0.668,0.0
Isaiah Mobley,17.0,6.0,4.0,5.0,1.0,1.0,0.286,0.333
Isaiah Stewart,19.9,6.0,5.5,1.7,0.4,1.4,0.559,0.321
James Wiseman,5.0,6.0,1.0,0.0,0.0,0.0,0.5,0.0
Isaiah Wong,13.3,6.0,1.6,1.4,0.6,0.0,0.39,0.394
Cole Swider,16.9,5.9,2.7,0.3,0.4,0.2,0.349,0.319
Cole Swider,6.5,0.0,1.0,0.5,0.0,0.0,0.0,0.0
Cole Swider,19.5,7.4,3.1,0.3,0.5,0.3,0.379,0.357
Chuma Okeke,21.8,5.9,5.2,1.7,0.6,0.4,0.5,0.393
Chuma Okeke,24.4,6.9,6.1,1.9,0.7,0.4,0.545,0.455
Chuma Okeke,12.5,2.5,2.0,1.0,0.0,0.5,0.286,0.167
Kyle Anderson,16.4,5.9,3.4,2.4,0.7,0.5,0.469,0.357
Kyle Anderson,15.0,5.3,3.1,2.3,0.7,0.6,0.45,0.365
Kyle Anderson,18.4,6.7,3.8,2.6,0.6,0.5,0.493,0.333
Simone Fontecchio,16.5,5.9,2.9,0.9,0.4,0.2,0.402,0.335
Collin Gillespie,14.0,5.9,2.4,2.4,0.6,0.2,0.43,0.433
Tidjane SalaÃ¼n,20.7,5.9,4.7,1.2,0.5,0.2,0.33,0.283
Jaylin Williams,16.7,5.9,5.6,2.6,0.5,0.6,0.439,0.399
Moses Brown,9.2,5.8,3.4,0.2,0.5,0.3,0.694,
Moses Brown,5.1,3.2,1.4,0.0,0.2,0.1,0.65,
Moses Brown,18.3,11.8,7.8,0.5,1.0,0.8,0.724,
Adem Bona,15.6,5.8,4.2,0.5,0.4,1.2,0.703,0.0
Quenton Jackson,13.6,5.8,1.6,1.9,0.8,0.2,0.475,0.375
Robert Williams,17.6,5.8,5.9,1.1,0.7,1.7,0.641,0.333
Moussa DiabatÃ©,17.5,5.7,6.2,0.8,0.6,0.6,0.596,0.0
Dariq Whitehead,12.3,5.7,1.5,0.6,0.3,0.1,0.406,0.446
Landry Shamet,15.2,5.7,1.2,0.5,0.5,0.0,0.461,0.397
Jordan Goodwin,18.7,5.6,3.9,1.4,1.0,0.4,0.438,0.382
Shake Milton,14.7,5.5,1.8,1.8,0.4,0.1,0.453,0.358
Shake Milton,18.2,7.4,1.9,2.4,0.6,0.0,0.465,0.389
Shake Milton,11.5,3.9,1.8,1.3,0.3,0.1,0.433,0.294
Aaron Holiday,12.8,5.5,1.3,1.3,0.3,0.2,0.437,0.398
Jeff Green,12.4,5.4,1.8,0.6,0.2,0.1,0.504,0.367
Jonathan Isaac,15.4,5.4,4.4,0.6,0.9,1.1,0.414,0.258
Dean Wade,21.2,5.4,4.2,1.3,0.7,0.3,0.413,0.36
Keaton Wallace,16.2,5.4,1.6,2.6,0.9,0.3,0.401,0.329
Kobe Bufkin,12.4,5.3,2.1,1.7,0.3,0.2,0.383,0.211
Jamal Cain,13.6,5.3,2.3,0.6,0.6,0.2,0.43,0.325
Pat Connaughton,14.7,5.3,2.7,1.7,0.2,0.3,0.469,0.321
Kevin Love,10.9,5.3,4.1,1.0,0.7,0.2,0.357,0.358
Ben Sheppard,19.5,5.3,2.8,1.3,0.6,0.2,0.418,0.342
Monte Morris,12.7,5.2,1.5,1.6,0.4,0.1,0.426,0.36
Jabari Walker,12.5,5.2,3.5,0.6,0.6,0.1,0.515,0.389
Javonte Green,18.5,5.1,3.2,0.8,1.0,0.5,0.429,0.326
Javonte Green,21.8,5.8,3.6,0.9,1.1,0.6,0.446,0.352
Javonte Green,9.2,3.3,2.2,0.6,0.6,0.1,0.365,0.242
Alex Reese,14.4,5.1,3.1,0.3,0.7,0.7,0.481,0.366
Alex Reese,2.0,2.0,1.0,0.0,0.0,0.0,1.0,
Alex Reese,15.3,5.3,3.3,0.3,0.7,0.7,0.472,0.366
Bismack Biyombo,18.9,5.1,5.6,1.1,0.6,0.8,0.588,
Mitchell Robinson,17.1,5.1,5.9,0.8,0.9,1.1,0.661,
Kai Jones,11.7,5.0,3.1,0.6,0.4,0.6,0.798,0.2
Kai Jones,7.4,2.2,1.6,0.4,0.2,0.5,0.722,0.0
Kai Jones,21.7,11.4,6.6,1.3,0.8,0.8,0.836,0.333
Ben Simmons,22.0,5.0,4.7,5.6,0.7,0.5,0.52,
Ben Simmons,25.0,6.2,5.2,6.9,0.8,0.5,0.547,
Ben Simmons,16.4,2.9,3.8,3.1,0.7,0.4,0.434,
Malaki Branham,9.1,5.0,1.1,0.8,0.2,0.0,0.458,0.405
Neemias Queta,13.9,5.0,3.8,0.7,0.3,0.7,0.65,0.0
Alondes Williams,4.0,5.0,0.0,1.0,0.0,0.0,1.0,1.0
Jaylen Martin,14.9,4.9,2.8,1.1,0.6,0.0,0.419,0.304
Jaylen Martin,1.7,1.0,0.0,0.0,0.0,0.0,0.5,1.0
Jaylen Martin,18.0,5.8,3.4,1.3,0.7,0.0,0.417,0.273
Lindy Waters III,15.0,4.9,2.1,1.0,0.5,0.2,0.369,0.344
Lindy Waters III,17.2,5.5,2.5,1.1,0.6,0.3,0.371,0.331
Lindy Waters III,8.8,3.4,1.0,0.7,0.4,0.1,0.364,0.395
Trevelin Queen,13.9,4.9,1.7,1.2,1.0,0.3,0.381,0.286
Jock Landale,11.9,4.8,3.3,0.9,0.3,0.2,0.533,0.423
Colin Castleton,16.6,4.7,4.7,1.1,0.3,0.4,0.469,0.125
Colin Castleton,4.6,1.4,0.9,0.0,0.1,0.1,0.2,0.0
Colin Castleton,26.2,7.2,6.9,1.6,0.5,0.7,0.5,0.25
Colin Castleton,19.6,6.0,7.4,2.0,0.2,0.2,0.5,0.0
Taylor Hendricks,25.0,4.7,5.0,0.7,1.7,1.3,0.222,0.25
David Roddy,12.4,4.6,2.5,1.1,0.4,0.3,0.456,0.311
David Roddy,12.8,4.5,2.6,1.1,0.4,0.3,0.473,0.372
David Roddy,9.7,6.0,3.0,1.0,0.7,0.0,0.421,0.182
David Roddy,11.7,4.3,1.7,0.7,0.0,0.3,0.385,0.143
Drew Eubanks,12.2,4.6,3.7,0.9,0.2,0.6,0.593,0.5
Drew Eubanks,15.4,5.8,4.5,1.2,0.3,0.9,0.607,0.6
Drew Eubanks,7.4,2.7,2.4,0.4,0.1,0.3,0.551,0.0
Pelle Larsson,14.2,4.6,1.7,1.2,0.6,0.1,0.438,0.337
Julian Phillips,14.2,4.6,2.1,0.5,0.5,0.3,0.446,0.327
Cody Williams,21.2,4.6,2.3,1.2,0.5,0.3,0.323,0.259
Rob Dillingham,10.5,4.5,1.0,2.0,0.4,0.0,0.441,0.338
Jett Howard,11.7,4.5,1.2,0.7,0.2,0.2,0.374,0.296
Kevon Looney,15.0,4.5,6.1,1.6,0.6,0.5,0.514,0.4
Mason Plumlee,17.6,4.5,6.1,1.8,0.4,0.6,0.619,0.0
Dalen Terry,13.5,4.5,1.7,1.3,0.6,0.2,0.448,0.356
Marvin Bagley III,8.5,4.4,2.7,0.4,0.3,0.3,0.519,0.158
Marvin Bagley III,8.7,4.9,2.9,0.4,0.4,0.3,0.535,0.2
Marvin Bagley III,8.3,3.6,2.3,0.3,0.2,0.3,0.486,0.111
Charles Bassey,10.4,4.4,4.2,0.5,0.4,0.8,0.581,
Tony Bradley,8.1,4.4,3.0,0.4,0.1,0.6,0.644,0.333
Reggie Jackson,12.4,4.4,1.4,1.5,0.5,0.1,0.391,0.338
Reed Sheppard,12.6,4.4,1.5,1.4,0.7,0.3,0.351,0.338
Lamar Stevens,9.1,4.4,2.2,0.5,0.3,0.2,0.46,0.296
Mo Bamba,12.9,4.3,4.5,0.6,0.3,1.0,0.464,0.278
Mo Bamba,12.6,4.6,4.3,0.6,0.3,1.0,0.466,0.3
Mo Bamba,15.3,2.5,6.3,0.5,0.0,0.8,0.444,0.0
Jevon Carter,8.9,4.3,1.1,1.1,0.4,0.1,0.377,0.333
Micah Potter,18.6,4.3,4.3,0.8,0.4,0.4,0.422,0.316
Terrence Shannon Jr.,10.6,4.3,1.5,1.0,0.2,0.2,0.482,0.355
Daniel Theis,16.3,4.3,4.3,1.6,0.5,0.5,0.473,0.243
Torrey Craig,12.1,4.2,2.8,0.7,0.3,0.5,0.422,0.364
Torrey Craig,12.6,6.9,2.8,0.6,0.2,0.1,0.489,0.429
Torrey Craig,11.8,2.7,2.8,0.7,0.4,0.6,0.356,0.29
Wendell Moore Jr.,13.9,4.2,2.6,1.2,0.6,0.1,0.468,0.341
Wendell Moore Jr.,11.0,3.2,2.2,1.2,0.5,0.2,0.46,0.286
Wendell Moore Jr.,17.5,5.4,3.2,1.2,0.6,0.1,0.474,0.37
Dominick Barlow,10.7,4.2,2.4,0.5,0.3,0.5,0.531,0.259
Kessler Edwards,15.2,4.2,2.9,1.1,0.5,0.5,0.496,0.407
Oso Ighodaro,17.1,4.2,3.6,1.2,0.5,0.5,0.604,0.0
Kris Murray,15.1,4.2,2.6,1.0,0.5,0.2,0.419,0.225
Duop Reath,10.2,4.2,2.0,0.6,0.3,0.3,0.422,0.321
Cam Spencer,10.1,4.2,1.2,1.4,0.4,0.0,0.415,0.365
Maxwell Lewis,11.7,4.1,2.0,0.7,0.3,0.3,0.417,0.38
Maxwell Lewis,4.1,0.6,0.3,0.3,0.1,0.0,0.333,
Maxwell Lewis,14.2,5.3,2.5,0.8,0.4,0.3,0.422,0.38
Jaylen Clark,13.1,4.1,1.3,0.7,0.9,0.1,0.467,0.431
Caleb Houstan,13.6,4.1,1.3,0.6,0.4,0.1,0.421,0.4
Jordan Miller,11.4,4.1,1.6,0.9,0.5,0.1,0.433,0.211
Jalen Pickett,13.6,4.1,1.4,2.2,0.4,0.1,0.428,0.396
Paul Reed,9.7,4.1,2.7,1.0,0.9,0.6,0.507,0.286
Gui Santos,13.6,4.1,3.1,1.4,0.4,0.2,0.458,0.33
Jarred Vanderbilt,16.1,4.1,5.1,1.1,1.0,0.3,0.488,0.281
Colby Jones,13.2,4.0,2.2,1.1,0.7,0.3,0.457,0.327
Colby Jones,5.4,1.1,1.0,0.3,0.3,0.3,0.423,0.4
Colby Jones,25.7,8.7,4.3,2.5,1.3,0.4,0.466,0.308
Nicolas Batum,17.5,4.0,2.8,1.1,0.7,0.5,0.437,0.433
Malachi Flynn,11.0,4.0,1.8,1.8,0.8,0.0,0.385,0.25
Ron Harper Jr.,17.0,4.0,7.0,2.0,0.0,0.0,0.125,0.0
Josh Richardson,18.8,4.0,1.5,1.5,1.0,0.1,0.289,0.273
Steven Adams,13.7,3.9,5.6,1.1,0.4,0.5,0.545,0.0
Kyle Lowry,18.8,3.9,1.9,2.7,0.9,0.3,0.35,0.33
Olivier-Maxence Prosper,11.2,3.9,2.4,0.8,0.5,0.1,0.402,0.235
Patty Mills,11.1,3.8,0.8,0.9,0.4,0.1,0.375,0.347
Patty Mills,15.3,4.4,1.2,1.2,0.7,0.2,0.342,0.298
Patty Mills,5.1,3.1,0.1,0.4,0.1,0.0,0.5,0.5
Branden Carlson,7.7,3.8,1.7,0.4,0.2,0.7,0.443,0.333
Devin Carter,11.0,3.8,2.1,1.1,0.6,0.1,0.37,0.295
Ousmane Dieng,10.9,3.8,2.2,0.8,0.5,0.2,0.432,0.324
Markieff Morris,11.0,3.7,1.5,1.4,0.1,0.2,0.3,0.25
Markieff Morris,5.9,1.7,1.1,0.6,0.1,0.1,0.227,0.154
Markieff Morris,15.5,5.5,1.9,2.1,0.1,0.3,0.333,0.304
Emoni Bates,7.5,3.7,0.7,0.8,0.1,0.1,0.342,0.367
DeAndre Jordan,12.3,3.7,5.1,0.9,0.3,0.5,0.65,
Craig Porter Jr.,10.1,3.7,1.3,1.4,0.3,0.3,0.514,0.438
Jackson Rowe,8.7,3.7,1.8,0.7,0.7,0.0,0.471,0.3
Blake Wesley,11.8,3.7,1.1,2.0,0.6,0.1,0.435,0.293
JT Thor,12.5,3.6,2.4,0.3,0.4,0.5,0.424,0.286
JT Thor,4.7,3.1,0.7,0.1,0.2,0.3,0.6,0.5
JT Thor,18.8,3.9,3.8,0.5,0.5,0.5,0.364,0.2
Baylor Scheierman,12.4,3.6,2.1,1.1,0.5,0.1,0.355,0.317
Jae'Sean Tate,11.3,3.6,2.3,0.9,0.5,0.1,0.473,0.348
Jaylon Tyson,9.6,3.6,2.0,0.9,0.3,0.1,0.43,0.345
Elfrid Payton,21.3,3.5,3.3,6.9,1.0,0.5,0.328,0.167
Elfrid Payton,21.6,4.4,3.7,8.1,1.0,0.4,0.366,0.167
Elfrid Payton,20.5,1.0,2.2,3.3,1.0,0.5,0.143,
Luka Garza,5.6,3.5,1.4,0.3,0.2,0.1,0.495,0.278
Cory Joseph,12.2,3.5,1.5,1.4,0.5,0.1,0.403,0.364
Doug McDermott,8.1,3.5,0.5,0.2,0.1,0.0,0.427,0.436
Dario Å ariÄ,13.1,3.5,3.1,1.4,0.4,0.1,0.362,0.269
Jamaree Bouyea,12.4,3.4,1.0,2.0,0.8,0.4,0.5,0.2
Bruno Fernando,8.6,3.4,3.0,1.1,0.2,0.5,0.531,
Andre Jackson Jr.,14.6,3.4,2.7,1.2,0.5,0.2,0.477,0.395
Isaac Jones,7.6,3.4,1.4,0.3,0.1,0.3,0.651,0.375
Kevin Knox,6.0,3.3,1.2,0.4,0.1,0.3,0.5,0.267
Damion Lee,5.8,3.3,0.8,0.4,0.2,0.0,0.365,0.243
Jeenathan Williams,7.4,3.3,0.7,0.5,0.4,0.2,0.435,0.231
Elijah Harkless,13.8,3.2,2.1,0.8,1.0,0.1,0.314,0.28
Zeke Nnaji,10.7,3.2,1.6,0.4,0.4,0.7,0.496,0.327
Cam Reddish,17.8,3.2,2.0,0.7,1.0,0.3,0.404,0.277
Delon Wright,15.9,3.1,1.7,1.9,0.9,0.3,0.344,0.274
Delon Wright,15.6,2.5,1.8,1.8,0.9,0.3,0.268,0.245
Delon Wright,16.4,4.3,1.4,2.1,0.9,0.2,0.469,0.333
Kylor Kelley,11.5,3.1,3.5,0.5,0.1,0.3,0.636,
Kylor Kelley,8.4,3.0,2.6,0.3,0.0,0.3,0.769,
Kylor Kelley,19.7,3.3,6.0,1.0,0.3,0.3,0.444,
Gary Harris,14.8,3.0,1.3,0.6,0.5,0.3,0.383,0.356
Maxi Kleber,18.7,3.0,2.8,1.3,0.3,0.5,0.385,0.265
Taze Moore,10.0,3.0,4.0,0.5,1.0,0.0,0.2,0.25
Rayan Rupert,8.8,3.0,1.3,0.5,0.3,0.1,0.408,0.271
P.J. Tucker,19.3,3.0,2.7,0.0,0.3,0.3,0.429,0.5
Pete Nance,10.6,2.9,1.6,0.8,0.2,0.2,0.438,0.375
Pete Nance,9.7,2.1,1.4,0.4,0.1,0.0,0.333,0.333
Pete Nance,11.7,3.8,1.8,1.2,0.2,0.3,0.529,0.417
Markelle Fultz,8.8,2.9,1.0,1.3,0.5,0.1,0.418,0.5
Taj Gibson,11.1,2.9,3.2,0.6,0.2,0.5,0.495,0.5
Tyler Smith,5.3,2.9,1.1,0.2,0.1,0.2,0.48,0.433
RayJ Dennis,6.4,2.7,1.1,1.3,0.6,0.2,0.333,0.286
David Duke Jr.,5.7,2.7,0.8,0.7,0.2,0.0,0.429,0.5
Keshad Johnson,6.1,2.7,1.8,0.3,0.3,0.3,0.692,0.429
Reece Beekman,13.0,2.6,1.1,1.8,0.9,0.1,0.327,0.175
Reece Beekman,2.0,1.0,0.5,0.5,0.5,0.0,1.0,
Reece Beekman,13.7,2.7,1.1,1.8,0.9,0.1,0.321,0.175
Jae Crowder,11.4,2.6,2.2,0.7,0.3,0.0,0.318,0.267
Josh Minott,6.0,2.6,1.0,0.4,0.3,0.3,0.489,0.326
Hunter Tyson,7.8,2.6,1.5,0.4,0.2,0.1,0.375,0.311
Jaden Springer,8.5,2.5,1.3,0.8,0.6,0.1,0.389,0.25
Jaden Springer,5.4,1.7,0.9,0.4,0.5,0.0,0.353,0.316
Jaden Springer,13.2,3.8,2.0,1.4,0.7,0.2,0.411,0.207
Trey Jemison,10.3,2.5,2.8,0.4,0.2,0.4,0.554,
Trey Jemison,10.4,2.4,2.8,0.6,0.4,0.4,0.469,
Trey Jemison,10.3,2.6,2.8,0.3,0.1,0.4,0.619,
Anthony Gill,7.8,2.5,1.3,0.3,0.2,0.0,0.489,0.323
Dillon Jones,10.2,2.5,2.2,1.1,0.3,0.1,0.383,0.254
Pat Spencer,6.4,2.5,1.2,1.2,0.4,0.1,0.406,0.227
Johnny Davis,7.1,2.4,1.1,0.3,0.4,0.2,0.41,0.241
Christian Koloko,9.2,2.4,2.5,0.4,0.2,0.4,0.606,0.0
John Konchar,12.1,2.4,3.3,0.9,0.7,0.3,0.451,0.371
MarJon Beauchamp,4.5,2.3,1.3,0.3,0.1,0.0,0.415,0.345
MarJon Beauchamp,4.7,2.0,1.2,0.3,0.1,0.0,0.383,0.333
MarJon Beauchamp,5.7,4.0,1.0,0.7,0.0,0.0,0.571,0.667
MarJon Beauchamp,2.8,2.5,1.5,0.2,0.2,0.0,0.455,0.2
Bronny James,6.7,2.3,0.7,0.8,0.3,0.1,0.313,0.281
Mason Jones,4.5,2.3,0.9,1.1,0.0,0.1,0.5,0.125
Miles Norris,11.7,2.3,3.0,0.0,0.7,0.3,0.222,0.286
Patrick Baldwin Jr.,4.5,2.2,1.0,0.1,0.1,0.1,0.543,0.565
Patrick Baldwin Jr.,4.6,2.1,1.0,0.1,0.1,0.1,0.515,0.524
Patrick Baldwin Jr.,3.0,3.0,1.5,0.5,0.0,0.0,1.0,1.0
Drew Peterson,7.4,2.2,1.6,0.5,0.2,0.1,0.415,0.394
TyTy Washington Jr.,7.4,2.2,0.8,1.0,0.2,0.0,0.311,0.19
Jordan McLaughlin,6.8,2.1,0.7,1.1,0.3,0.0,0.431,0.413
Jordan McLaughlin,6.8,1.9,0.8,0.9,0.4,0.0,0.364,0.385
Jordan McLaughlin,6.9,2.5,0.5,1.5,0.3,0.1,0.536,0.45
JD Davison,5.8,2.1,0.8,0.8,0.3,0.1,0.353,0.222
Chris Duarte,4.4,2.1,1.2,0.5,0.0,0.0,0.462,0.4
Enrique Freeman,8.2,2.1,1.4,0.4,0.1,0.1,0.432,0.1
Johnny Furphy,7.6,2.1,1.4,0.4,0.4,0.2,0.38,0.3
Dwight Powell,10.0,2.1,2.1,1.0,0.3,0.4,0.689,0.4
Josh Christopher,4.9,2.0,0.6,0.6,0.4,0.2,0.355,0.182
Tyler Kolek,7.2,2.0,0.7,1.7,0.3,0.1,0.329,0.298
Adama Sanogo,5.3,2.0,1.5,0.3,0.0,0.0,0.571,
Kobe Brown,6.8,1.9,1.6,0.6,0.2,0.1,0.458,0.231
Ariel Hukporti,8.7,1.9,2.0,0.4,0.0,0.6,0.677,
Bobi Klintman,5.3,1.9,0.9,0.9,0.3,0.1,0.6,0.4
Garrett Temple,8.1,1.9,1.0,1.1,0.6,0.1,0.3,0.214
Jericho Sims,11.9,1.8,3.7,0.6,0.2,0.4,0.634,
Jericho Sims,10.8,1.6,3.3,0.6,0.2,0.3,0.609,
Jericho Sims,15.0,2.4,4.9,0.8,0.1,0.6,0.68,
Vlatko ÄanÄar,10.5,1.8,2.5,0.7,0.2,0.2,0.385,0.267
Adam Flagler,5.5,1.8,0.7,0.3,0.2,0.1,0.26,0.194
Trentyn Flowers,4.5,1.8,0.7,0.0,0.0,0.0,0.364,0.0
E.J. Liddell,4.4,1.8,0.8,0.3,0.1,0.1,0.533,0.3
Jahmir Young,5.0,1.8,0.5,1.0,0.0,0.0,0.8,0.5
Pacome Dadiet,6.2,1.7,1.0,0.3,0.2,0.1,0.323,0.316
Alex Ducas,6.0,1.7,1.2,0.2,0.2,0.0,0.4,0.476
PJ Hall,3.5,1.7,1.2,0.2,0.0,0.2,0.583,0.25
Emanuel Miller,4.2,1.7,1.3,0.3,0.2,0.0,0.5,0.0
Tristan Thompson,8.2,1.7,3.4,0.6,0.1,0.3,0.437,0.0
Alex Len,8.3,1.6,2.1,0.8,0.2,0.5,0.508,0.222
Alex Len,7.2,1.4,1.8,0.8,0.2,0.5,0.537,0.167
Alex Len,12.2,2.2,3.1,0.8,0.1,0.3,0.455,0.333
Yuki Kawamura,4.2,1.6,0.5,0.9,0.1,0.0,0.367,0.304
Jack McVeigh,4.8,1.6,0.6,0.1,0.0,0.2,0.294,0.308
Armel TraorÃ©,7.4,1.6,1.7,0.1,0.4,0.2,0.316,0.0
Jordan Walsh,7.8,1.6,1.3,0.4,0.2,0.2,0.361,0.273
Phillip Wheeler,8.8,1.6,1.6,0.4,0.2,0.4,0.143,0.0
Sidy Cissoko,5.2,1.5,1.0,0.7,0.1,0.0,0.433,0.231
Sidy Cissoko,3.2,1.3,0.6,0.4,0.1,0.0,0.5,0.429
Sidy Cissoko,12.0,2.0,2.2,1.8,0.2,0.2,0.333,0.0
Jazian Gortman,3.6,1.5,0.3,0.4,0.1,0.1,0.391,0.364
Kevin McCullar Jr.,7.3,1.5,2.0,0.5,0.3,0.3,0.286,0.0
Leonard Miller,2.5,1.5,0.8,0.0,0.2,0.1,0.4,0.0
Quincy Olivari,5.0,1.5,0.0,0.5,0.0,0.0,0.2,0.2
Matt Ryan,3.6,1.5,0.4,0.2,0.1,0.0,0.323,0.316
Jacob Toppin,4.5,1.4,0.9,0.4,0.1,0.0,0.409,0.5
Jacob Toppin,3.1,0.4,0.7,0.3,0.1,0.0,0.3,0.0
Jacob Toppin,27.0,17.0,4.0,2.0,0.0,0.0,0.5,0.625
Cam Christie,4.5,1.4,0.9,0.5,0.4,0.1,0.292,0.154
Chris Livingston,5.0,1.4,1.7,0.2,0.2,0.0,0.333,0.0
Trey Alexander,4.9,1.3,0.5,0.5,0.1,0.0,0.317,0.176
Spencer Jones,6.3,1.3,0.9,0.3,0.3,0.3,0.324,0.059
Skal LabissiÃ¨re,3.0,1.3,0.8,0.3,0.0,0.0,0.5,1.0
Jalen Bridges,3.8,1.1,0.5,0.0,0.0,0.0,0.286,0.286
Yuri Collins,8.0,1.0,1.5,2.0,1.0,0.0,0.333,
Daniss Jenkins,3.3,1.0,0.3,0.4,0.0,0.0,0.3,0.143
Braxton Key,3.7,1.0,0.7,0.0,0.7,0.0,0.0,0.0
Bryce McGowens,2.5,1.0,0.2,0.2,0.1,0.0,0.286,0.0
Xavier Tillman Sr.,7.0,1.0,1.3,0.2,0.3,0.2,0.245,0.156
Luke Travers,7.3,1.0,1.7,0.7,0.1,0.1,0.25,0.0
Isaiah Crawford,3.1,0.9,0.5,0.1,0.1,0.1,0.455,0.2
Justin Minaya,5.3,0.9,0.5,0.4,0.3,0.1,0.381,0.2
Anton Watson,2.4,0.9,0.3,0.2,0.1,0.0,0.444,0.0
D.J. Carton,8.3,0.8,1.0,0.8,0.5,0.0,0.143,0.0
PJ Dozier,3.9,0.8,0.6,0.6,0.1,0.0,0.667,0.667
Joe Ingles,6.0,0.8,0.6,1.2,0.1,0.0,0.261,0.2
Harrison Ingram,7.0,0.8,1.8,0.6,0.6,0.0,0.5,0.0
Ulrich Chomche,4.6,0.7,1.1,0.3,0.0,0.1,0.4,
James Johnson,3.1,0.7,0.5,0.3,0.0,0.2,0.364,0.0
Liam Robbins,4.4,0.7,0.9,0.2,0.2,0.2,0.25,0.0
Stanley Umude,3.9,0.7,0.8,0.2,0.1,0.3,0.192,0.2
Cui Yongxi,2.0,0.6,0.4,0.0,0.0,0.0,0.143,0.0
Tristen Newton,2.0,0.4,0.5,0.3,0.1,0.0,0.125,0.0
Tristen Newton,1.6,0.6,0.0,0.2,0.0,0.0,0.167,0.0
Tristen Newton,2.7,0.0,1.3,0.3,0.3,0.0,0.0,
Malevy Leons,3.5,0.3,0.5,0.2,0.0,0.0,0.0,0.0
Daishen Nix,4.3,0.3,1.3,1.0,0.0,0.0,0.0,0.0
Terence Davis,8.0,0.0,1.0,1.0,0.0,0.0,0.0,0.0
Jesse Edwards,2.5,0.0,0.0,0.5,0.0,0.0,,
Mac McClung,5.0,0.0,0.5,1.5,0.0,0.0,0.0,0.0
Jalen McDaniels,1.8,0.0,0.0,0.3,0.3,0.0,,
Riley Minix,7.0,0.0,2.0,0.0,0.0,0.0,0.0,0.0
Jahlil Okafor,3.0,0.0,1.0,1.0,0.0,0.0,,
Zyon Pullin,1.0,0.0,0.0,0.0,0.0,0.0,0.0,
Isaiah Stevens,2.0,0.0,0.7,0.0,0.3,0.0,0.0,0.0
Terry Taylor,2.0,0.0,0.3,0.7,0.0,0.0,0.0,
